{
    "01.01.04.01": {
    "faculty": "TEKNIK",
    "study_program": "Teknik Sipil (Civil Engineering)",
    "educational_program": "S1 Reguler (Undergraduate Program)",
    "fullname": "S1 Reguler Teknik Sipil"
    },

    "01.02.04.01": {
    "faculty": "TEKNIK",
    "study_program": "Teknik Mesin (Mechanical Engineering)",
    "educational_program": "S1 Reguler (Undergraduate Program)",
    "fullname": "S1 Reguler Teknik Mesin"
    },

    "01.03.04.01": {
    "faculty": "TEKNIK",
    "study_program": "Teknik Elektro (Electrical Engineering)",
    "educational_program": "S1 Reguler (Undergraduate Program)",
    "fullname": "S1 Reguler Teknik Elektro"
    },

    "01.04.04.01": {
    "faculty": "TEKNIK",
    "study_program": "Teknik Metalurgi & Material (Metalurgy & Material Engineering)",
    "educational_program": "S1 Reguler (Undergraduate Program)",
    "fullname": "S1 Reguler Teknik Metalurgi dan Material"
    },

    "01.05.04.01": {
    "faculty": "TEKNIK",
    "study_program": "Arsitektur (Architecture)",
    "educational_program": "S1 Reguler (Undergraduate Program)",
    "fullname": "S1 Reguler Arsitektur"
    },

    "01.06.04.01": {
    "faculty": "TEKNIK",
    "study_program": "Teknik Kimia (Chemical Engineering)",
    "educational_program": "S1 Reguler (Undergraduate Program)",
    "fullname": "S1 Reguler Teknik Kimia"
    },

    "01.07.04.01": {
    "faculty": "TEKNIK",
    "study_program": "Teknik Industri (Industrial Engineering)",
    "educational_program": "S1 Reguler (Undergraduate Program)",
    "fullname": "S1 Reguler Teknik Industri"
    },

    "02.01.04.01": {
    "faculty": "TEKNIK",
    "study_program": "Teknik Lingkungan (Environment Engineering)",
    "educational_program": "S1 Reguler (Undergraduate Program)",
    "fullname": "S1 Reguler Teknik Lingkungan"
    },

    "02.02.04.01": {
    "faculty": "TEKNIK",
    "study_program": "Teknik Perkapalan (Naval Engineering)",
    "educational_program": "S1 Reguler (Undergraduate Program)",
    "fullname": "S1 Reguler Teknik Perkapalan"
    },

    "02.03.04.01": {
    "faculty": "TEKNIK",
    "study_program": "Teknik Komputer (Computer Engineering)",
    "educational_program": "S1 Reguler (Undergraduate Program)",
    "fullname": "S1 Reguler Teknik Komputer"
    },

    "05.05.04.01": {
    "faculty": "TEKNIK",
    "study_program": "Arsitektur Interior (Interior Architechture)",
    "educational_program": "S1 Reguler (Undergraduate Program)",
    "fullname": "S1 Reguler Arsitektur Interior"
    },

    "06.06.04.01": {
    "faculty": "TEKNIK",
    "study_program": "Teknologi Bioproses (Bioprocess Technology)",
    "educational_program": "S1 Reguler (Undergraduate Program)",
    "fullname": "S1 Reguler Teknologi Bioproses"
    },

    "02.04.04.01": {
    "faculty": "TEKNIK",
    "study_program": "Teknik Metalurgi & Material - Ekstensi (Metalurgy & Material Engineering - Ext)",
    "educational_program": "S1 Ekstensi (Extended Undergraduate Program)",
    "fullname": ""
    },

    "02.05.04.01": {
    "faculty": "TEKNIK",
    "study_program": "Arsitektur - Ekstensi (Architecture - Ext)",
    "educational_program": "S1 Ekstensi (Extended Undergraduate Program)",
    "fullname": ""
    },

    "02.06.04.01": {
    "faculty": "TEKNIK",
    "study_program": "Teknik Kimia - Ekstensi (Chemical Engineering - Ext)",
    "educational_program": "S1 Ekstensi (Extended Undergraduate Program)",
    "fullname": ""
    },

    "02.07.04.01": {
    "faculty": "TEKNIK",
    "study_program": "Teknik Industri - Ekstensi (Industrial Engineering - Ext)",
    "educational_program": "S1 Ekstensi (Extended Undergraduate Program)",
    "fullname": ""
    },

    "03.01.04.01": {
    "faculty": "TEKNIK",
    "study_program": "Teknik Sipil - Ekstensi (Civil Engineering - Ext)",
    "educational_program": "S1 Ekstensi (Extended Undergraduate Program)",
    "fullname": ""
    },

    "03.02.04.01": {
    "faculty": "TEKNIK",
    "study_program": "Teknik Mesin - Ekstensi (Mechanical Engineering - Ext)",
    "educational_program": "S1 Ekstensi (Extended Undergraduate Program)",
    "fullname": ""
    },

    "03.03.04.01": {
    "faculty": "TEKNIK",
    "study_program": "Teknik Elektro - Ekstensi (Electrical Engineering - Ext)",
    "educational_program": "S1 Ekstensi (Extended Undergraduate Program)",
    "fullname": ""
    },

    "03.04.04.01": {
    "faculty": "TEKNIK",
    "study_program": "Teknik Metalurgi - Intl (Metalurgy Engineering - Intl)",
    "educational_program": "S1 Kls Internasional (Intl. Class Undergraduate Program)",
    "fullname": "S1 Kls Internasional Teknik Metalurgi dan Material"
    },

    "03.06.04.01": {
    "faculty": "TEKNIK",
    "study_program": "Teknik Kimia - Intl (Chemical Engineering - Intl)",
    "educational_program": "S1 Kls Internasional (Intl. Class Undergraduate Program)",
    "fullname": "S1 Kls Internasional Teknik Kimia"
    },

    "04.01.04.01": {
    "faculty": "TEKNIK",
    "study_program": "Teknik Sipil - Intl (Civil Engineering - Intl)",
    "educational_program": "S1 Kls Internasional (Intl. Class Undergraduate Program)",
    "fullname": "S1 Kls Internasional Teknik Sipil"
    },

    "04.02.04.01": {
    "faculty": "TEKNIK",
    "study_program": "Teknik Mesin - Intl (Mechanical Engineering - Intl)",
    "educational_program": "S1 Kls Internasional (Intl. Class Undergraduate Program)",
    "fullname": "S1 Kls Internasional Teknik Mesin"
    },

    "04.03.04.01": {
    "faculty": "TEKNIK",
    "study_program": "Teknik Elektro - Intl (Electrical Engineering - Intl)",
    "educational_program": "S1 Kls Internasional (Intl. Class Undergraduate Program)",
    "fullname": "S1 Kls Internasional Teknik Elektro"
    },

    "04.05.04.01": {
    "faculty": "TEKNIK",
    "study_program": "Arsitektur - Intl (Architecture - Intl)",
    "educational_program": "S1 Kls Internasional (Intl. Class Undergraduate Program)",
    "fullname": "S1 Kls Internasional Arsitektur"
    },

    "03.05.04.01": {
    "faculty": "TEKNIK",
    "study_program": "Arsitektur (Architecture)",
    "educational_program": "S2 (Graduate Program)",
    "fullname": "S2 Arsitektur"
    },

    "03.07.04.01": {
    "faculty": "TEKNIK",
    "study_program": "Teknik Industri (Industrial Engineering)",
    "educational_program": "S2 (Graduate Program)",
    "fullname": "S2 Teknik Industri"
    },

    "04.04.04.01": {
    "faculty": "TEKNIK",
    "study_program": "Teknik Metalurgi & Material (Metalurgy & Material Engineering)",
    "educational_program": "S2 (Graduate Program)",
    "fullname": "S2 Teknik Metalurgi dan Material"
    },

    "04.06.04.01": {
    "faculty": "TEKNIK",
    "study_program": "Teknik Kimia (Chemical Engineering)",
    "educational_program": "S2 (Graduate Program)",
    "fullname": "S2 Teknik Kimia"
    },

    "05.01.04.01": {
    "faculty": "TEKNIK",
    "study_program": "Teknik Sipil (Civil Engineering - Graduate)",
    "educational_program": "S2 (Graduate Program)",
    "fullname": "S2 Teknik Sipil"
    },

    "05.02.04.01": {
    "faculty": "TEKNIK",
    "study_program": "Teknik Mesin (Mechanical Engineering)",
    "educational_program": "S2 (Graduate Program)",
    "fullname": "S2 Teknik Mesin"
    },

    "05.03.04.01": {
    "faculty": "TEKNIK",
    "study_program": "Teknik Elektro (Electrical Engineering)",
    "educational_program": "S2 (Graduate Program)",
    "fullname": "S2 Teknik Elektro"
    },

    "06.03.04.01": {
    "faculty": "TEKNIK",
    "study_program": "Opto Elektroteknika & Aplikasi Laser (Optoelectronics & Laser Application)",
    "educational_program": "S2 (Graduate Program)",
    "fullname": ""
    },

    "05.04.04.01": {
    "faculty": "TEKNIK",
    "study_program": "Teknik Metalurgi & Material (Metalurgy & Material Engineering)",
    "educational_program": "S3 (Doctoral Program)",
    "fullname": "S3 Teknik Metalurgi dan Material"
    },

    "05.06.04.01": {
    "faculty": "TEKNIK",
    "study_program": "Teknik Kimia (Chemical Engineering)",
    "educational_program": "S3 (Doctoral Program)",
    "fullname": "S3 Teknik Kimia"
    },

    "06.01.04.01": {
    "faculty": "TEKNIK",
    "study_program": "Teknik Sipil (Civil Engineering)",
    "educational_program": "S3 (Doctoral Program)",
    "fullname": "S3 Teknik Sipil"
    },

    "06.02.04.01": {
    "faculty": "TEKNIK",
    "study_program": "Teknik Mesin (Mechanical Engineering)",
    "educational_program": "S3 (Doctoral Program)",
    "fullname": "S3 Teknik Mesin"
    },

    "06.05.04.01": {
    "faculty": "TEKNIK",
    "study_program": "Arsitektur (Architecture)",
    "educational_program": "S3 (Doctoral Program)",
    "fullname": "S3 Arsitektur"
    },

    "07.03.04.01": {
    "faculty": "TEKNIK",
    "study_program": "Opto Elektroteknika & Aplikasi Laser (Optoelectronics & Laser Application)",
    "educational_program": "S3 (Doctoral Program)",
    "fullname": ""
    },

    "08.03.04.01": {
    "faculty": "TEKNIK",
    "study_program": "Teknik Elektro (Electrical Engineering)",
    "educational_program": "S3 (Doctoral Program)",
    "fullname": "S3 Teknik Elektro"
    },

    "07.05.04.01": {
    "faculty": "TEKNIK",
    "study_program": "Pendidikan Profesi Arsitek (Architect)",
    "educational_program": "Profesi (Profession Program)",
    "fullname": "Profesi Arsitek"
    },

    "09.03.04.01": {
    "faculty": "TEKNIK",
    "study_program": "Teknik Elektro - Intl (Electrical Engineering - Intl)",
    "educational_program": "S2 Kls Internasional (Intl. Class Graduate Program)",
    "fullname": ""
    },

    "04.07.04.01": {
    "faculty": "TEKNIK",
    "study_program": "Teknik Industri (Industrial Engineering)",
    "educational_program": "S1 Paralel (S1 Paralel)",
    "fullname": "S1 Paralel Teknik Industri"
    },


    "06.04.04.01": {
    "faculty": "TEKNIK",
    "study_program": "Teknik Metalurgi & Material (Metalurgy & Material Engineering)",
    "educational_program": "S1 Paralel (S1 Paralel)",
    "fullname": "S1 Paralel Teknik Metalurgi dan Material"
    },

    "07.01.04.01": {
    "faculty": "TEKNIK",
    "study_program": "Teknik Sipil (Civil Engineering)",
    "educational_program": "S1 Paralel (S1 Paralel)",
    "fullname": "S1 Paralel Teknik Sipil"
    },

    "07.02.04.01": {
    "faculty": "TEKNIK",
    "study_program": "Teknik Mesin (Mechanical Engineering)",
    "educational_program": "S1 Paralel (S1 Paralel)",
    "fullname": "S1 Paralel Teknik Mesin"
    },

    "07.06.04.01": {
    "faculty": "TEKNIK",
    "study_program": "Teknik Kimia (Chemical Engineering)",
    "educational_program": "S1 Paralel (S1 Paralel)",
    "fullname": "S1 Paralel Teknik Kimia"
    },

    "08.05.04.01": {
    "faculty": "TEKNIK",
    "study_program": "Arsitektur (Architecture)",
    "educational_program": "S1 Paralel (S1 Paralel)",
    "fullname": "S1 Paralel Arsitektur"
    },

    "10.03.04.01": {
    "faculty": "TEKNIK",
    "study_program": "Teknik Elektro (Electrical Engineering)",
    "educational_program": "S1 Paralel (S1 Paralel)",
    "fullname": "S1 Paralel Teknik Elektro"
    },

    "01.00.04.01": {
   "faculty": "TEKNIK",
    "study_program": "Pendidikan Profesi Insinyur",
    "educational_program": "Profesi (Profession Program)",
    "fullname": "Profesi Insinyur"
    },

    "02.00.04.01": {
    "faculty": "TEKNIK",
    "study_program": "Teknik Teknik Sistem Energi",
    "educational_program": "S2(Graduate Program)",
    "fullname": "S2 Teknik Sistem Energi"
    },

    "08.01.04.01": {
    "faculty": "TEKNIK",
    "study_program": "Teknik Lingkungan (Environment Engineering)",
    "educational_program": "S1 Paralel (S1 Paralel)",
    "fullname": "S1 Reguler Teknik Lingkungan"
    },

    "11.03.04.01": {
    "faculty": "TEKNIK",
    "study_program": "Teknologi Biomedis",
    "educational_program": "S2 (Graduate Program)",
    "fullname": "S2 Teknologi Biomedis"
    },

    "12.03.04.01": {
    "faculty": "TEKNIK",
    "study_program": "Teknik Biomedik",
    "educational_program": "S1 Reguler (Undergraduate Program)",
    "fullname": "S1 Reguler Teknik Biomedik"
    },

    "05.07.04.01": {
    "faculty": "TEKNIK",
    "study_program": "Teknik Industri (Industrial Engineering)",
    "educational_program": "S3 (Graduate Program)",
    "fullname": "S3 Teknik Industri"
    },

    "06.07.04.01": {
    "faculty": "TEKNIK",
    "study_program": "Teknik Industri (Industrial Engineering)",
    "educational_program": "S1 Kls Internasional (Intl. Class Undergraduate Program)",
    "fullname": "S1 Kelas Internasional Teknik Industri"
    }
    

}